1782328892,sensor1,test/topic,67
1782328893,sensor1,test/topic,67
1782328894,sensor1,test/topic,67
1782328895,sensor1,test/topic,67
1782328896,sensor1,test/topic,67
1782328897,sensor1,test/topic,67
1782328898,sensor1,test/topic,67
1782328899,sensor1,test/topic,67
1782328900,sensor1,test/topic,67
1782328901,sensor1,test/topic,67
1782328902,sensor1,test/topic,67
1782328903,sensor1,test/topic,67
1782328904,sensor1,test/topic,67
1782328905,sensor1,test/topic,67
1782328906,sensor1,test/topic,67
1782328907,sensor1,test/topic,67
1782328908,sensor1,test/topic,67
1782328909,sensor1,test/topic,67
1782328910,sensor1,test/topic,67
1782328911,sensor1,test/topic,67
1782328912,sensor1,test/topic,67
1782328913,sensor1,test/topic,67
1782328914,sensor1,test/topic,67
1782328915,sensor1,test/topic,67
1782328916,sensor1,test/topic,67
1782328917,sensor1,test/topic,67
1782328918,sensor1,test/topic,67
1782328919,sensor1,test/topic,67
1782328920,sensor1,test/topic,67
1782328921,sensor1,test/topic,67
1782328922,sensor1,test/topic,67
1782328923,sensor1,test/topic,67
1782328924,sensor1,test/topic,67
1782328925,sensor1,test/topic,67
1782328926,sensor1,test/topic,67
1782328927,sensor1,test/topic,67
1782328928,sensor1,test/topic,67
1782328929,sensor1,test/topic,67
1782328930,sensor1,test/topic,67
1782328931,sensor1,test/topic,67
1782328932,sensor1,test/topic,67
1782328933,sensor1,test/topic,67
1782328934,sensor1,test/topic,67
1782328935,sensor1,test/topic,67
1782328936,sensor1,test/topic,67
1782328937,sensor1,test/topic,67
1782328938,sensor1,test/topic,67
1782328939,sensor1,test/topic,67
1782328940,sensor1,test/topic,67
1782328941,sensor1,test/topic,67
1782328942,sensor1,test/topic,67
1782328943,sensor1,test/topic,67
1782328944,sensor1,test/topic,67
1782328945,sensor1,test/topic,67
1782328946,sensor1,test/topic,67
1782328947,sensor1,test/topic,67
1782328948,sensor1,test/topic,67
1782328949,sensor1,test/topic,67
1782328950,sensor1,test/topic,67
1782328951,sensor1,test/topic,67
1782328952,sensor1,test/topic,67
1782328953,sensor1,test/topic,67
1782328954,sensor1,test/topic,67
1782328955,sensor1,test/topic,67
1782328956,sensor1,test/topic,67
1782328957,sensor1,test/topic,67
1782328958,sensor1,test/topic,67
1782328959,sensor1,test/topic,67
1782328960,sensor1,test/topic,67
1782328961,sensor1,test/topic,67
1782328962,sensor1,test/topic,67
1782328963,sensor1,test/topic,67
1782328964,sensor1,test/topic,67
1782328965,sensor1,test/topic,67
1782328966,sensor1,test/topic,67
1782328967,sensor1,test/topic,67
1782328968,sensor1,test/topic,67
1782328969,sensor1,test/topic,67
1782328970,sensor1,test/topic,67
1782328971,sensor1,test/topic,67
1782328972,sensor1,test/topic,67
1782328973,sensor1,test/topic,67
1782328974,sensor1,test/topic,67
1782328975,sensor1,test/topic,67
1782328976,sensor1,test/topic,67
1782328977,sensor1,test/topic,67
1782328978,sensor1,test/topic,67
1782328979,sensor1,test/topic,67
1782328980,sensor1,test/topic,67
1782328981,sensor1,test/topic,67
1782328982,sensor1,test/topic,67
1782328983,sensor1,test/topic,67
1782328984,sensor1,test/topic,67
1782328985,sensor1,test/topic,67
1782328986,sensor1,test/topic,67
1782328987,sensor1,test/topic,67
1782328988,sensor1,test/topic,67
1782328989,sensor1,test/topic,67
1782328990,sensor1,test/topic,67
1782328991,sensor1,test/topic,67
1782328992,sensor1,test/topic,67
1782328993,sensor1,test/topic,67
1782328994,sensor1,test/topic,67
1782328995,sensor1,test/topic,67
1782328996,sensor1,test/topic,67
1782328997,sensor1,test/topic,67
1782328998,sensor1,test/topic,67
1782328999,sensor1,test/topic,67
1782329000,sensor1,test/topic,67
1782329001,sensor1,test/topic,67
1782329002,sensor1,test/topic,67
1782329003,sensor1,test/topic,67
1782329004,sensor1,test/topic,67
1782329005,sensor1,test/topic,67
1782329006,sensor1,test/topic,67
1782329007,sensor1,test/topic,67
1782329008,sensor1,test/topic,67
1782329009,sensor1,test/topic,67
1782329010,sensor1,test/topic,67
1782329011,sensor1,test/topic,67
1782329012,sensor1,test/topic,67
1782329013,sensor1,test/topic,67
1782329014,sensor1,test/topic,67
1782329015,sensor1,test/topic,67
1782329016,sensor1,test/topic,67
1782329017,sensor1,test/topic,67
1782329630,temperature_sensor,home/temperature_sensor,54
1782329631,temperature_sensor,home/temperature_sensor,54
1782329632,temperature_sensor,home/temperature_sensor,54
1782329633,temperature_sensor,home/temperature_sensor,54
1782329634,temperature_sensor,home/temperature_sensor,54
1782329635,temperature_sensor,home/temperature_sensor,54
1782329636,temperature_sensor,home/temperature_sensor,54
1782329637,temperature_sensor,home/temperature_sensor,54
1782329638,temperature_sensor,home/temperature_sensor,54
1782329639,temperature_sensor,home/temperature_sensor,54
1782329640,temperature_sensor,home/temperature_sensor,54
1782329641,temperature_sensor,home/temperature_sensor,54
1782329642,temperature_sensor,home/temperature_sensor,54
1782329643,temperature_sensor,home/temperature_sensor,54
1782329644,temperature_sensor,home/temperature_sensor,54
1782329645,temperature_sensor,home/temperature_sensor,54
1782329646,temperature_sensor,home/temperature_sensor,54
1782329647,temperature_sensor,home/temperature_sensor,54
1782329648,temperature_sensor,home/temperature_sensor,54
1782329649,temperature_sensor,home/temperature_sensor,54
1782329650,temperature_sensor,home/temperature_sensor,54
1782329651,temperature_sensor,home/temperature_sensor,54
1782329652,temperature_sensor,home/temperature_sensor,54
1782329653,temperature_sensor,home/temperature_sensor,54
1782329655,temperature_sensor,home/temperature_sensor,54
1782329656,temperature_sensor,home/temperature_sensor,54
1782329657,temperature_sensor,home/temperature_sensor,54
1782329658,temperature_sensor,home/temperature_sensor,54
1782329659,temperature_sensor,home/temperature_sensor,54
1782329660,temperature_sensor,home/temperature_sensor,54
1782329661,temperature_sensor,home/temperature_sensor,54
1782329662,temperature_sensor,home/temperature_sensor,54
1782329663,temperature_sensor,home/temperature_sensor,54
1782329664,temperature_sensor,home/temperature_sensor,54
1782329665,temperature_sensor,home/temperature_sensor,54
1782329666,temperature_sensor,home/temperature_sensor,54
1782329667,temperature_sensor,home/temperature_sensor,54
1782329668,temperature_sensor,home/temperature_sensor,54
1782329669,temperature_sensor,home/temperature_sensor,54
1782329670,temperature_sensor,home/temperature_sensor,54
1782329671,temperature_sensor,home/temperature_sensor,54
1782329672,temperature_sensor,home/temperature_sensor,54
1782329673,temperature_sensor,home/temperature_sensor,54
1782329674,temperature_sensor,home/temperature_sensor,54
1782329675,temperature_sensor,home/temperature_sensor,54
1782329676,temperature_sensor,home/temperature_sensor,54
1782329677,temperature_sensor,home/temperature_sensor,54
1782329678,temperature_sensor,home/temperature_sensor,54
1782329679,temperature_sensor,home/temperature_sensor,54
1782329680,temperature_sensor,home/temperature_sensor,54
1782329681,temperature_sensor,home/temperature_sensor,54
1782329682,temperature_sensor,home/temperature_sensor,54
1782329683,temperature_sensor,home/temperature_sensor,54
1782329684,temperature_sensor,home/temperature_sensor,54
1782329685,temperature_sensor,home/temperature_sensor,54
1782329686,temperature_sensor,home/temperature_sensor,54
1782329687,temperature_sensor,home/temperature_sensor,54
1782329688,temperature_sensor,home/temperature_sensor,54
1782329689,temperature_sensor,home/temperature_sensor,54
1782329690,temperature_sensor,home/temperature_sensor,54
1782329691,temperature_sensor,home/temperature_sensor,54
1782329692,temperature_sensor,home/temperature_sensor,54
1782329693,temperature_sensor,home/temperature_sensor,54
1782329694,temperature_sensor,home/temperature_sensor,54
1782329695,temperature_sensor,home/temperature_sensor,54
1782329696,temperature_sensor,home/temperature_sensor,54
1782329698,temperature_sensor,home/temperature_sensor,54
1782329699,temperature_sensor,home/temperature_sensor,54
1782329700,temperature_sensor,home/temperature_sensor,54
1782329700,temperature_sensor,home/temperature_sensor,54
1782329701,temperature_sensor,home/temperature_sensor,54
1782329702,temperature_sensor,home/temperature_sensor,54
1782329703,temperature_sensor,home/temperature_sensor,54
1782329704,temperature_sensor,home/temperature_sensor,54
1782329705,temperature_sensor,home/temperature_sensor,54
1782329706,temperature_sensor,home/temperature_sensor,54
1782329707,temperature_sensor,home/temperature_sensor,54
1782329708,temperature_sensor,home/temperature_sensor,54
1782329709,temperature_sensor,home/temperature_sensor,54
1782329710,temperature_sensor,home/temperature_sensor,54
1782329711,temperature_sensor,home/temperature_sensor,54
1782329712,temperature_sensor,home/temperature_sensor,54
1782329713,temperature_sensor,home/temperature_sensor,54
1782329714,temperature_sensor,home/temperature_sensor,54
1782329715,temperature_sensor,home/temperature_sensor,54
1782329716,temperature_sensor,home/temperature_sensor,54
1782329717,temperature_sensor,home/temperature_sensor,54
1782329718,temperature_sensor,home/temperature_sensor,54
1782329719,temperature_sensor,home/temperature_sensor,54
1782329720,temperature_sensor,home/temperature_sensor,54
1782329721,temperature_sensor,home/temperature_sensor,54
1782329722,temperature_sensor,home/temperature_sensor,54
1782329723,temperature_sensor,home/temperature_sensor,54
1782329724,temperature_sensor,home/temperature_sensor,54
1782329725,temperature_sensor,home/temperature_sensor,54
1782329726,temperature_sensor,home/temperature_sensor,54
1782329727,temperature_sensor,home/temperature_sensor,54
1782329728,temperature_sensor,home/temperature_sensor,54
1782329729,temperature_sensor,home/temperature_sensor,54
1782329730,temperature_sensor,home/temperature_sensor,54
1782329731,temperature_sensor,home/temperature_sensor,54
1782329732,temperature_sensor,home/temperature_sensor,54
1782329733,temperature_sensor,home/temperature_sensor,54
1782329734,temperature_sensor,home/temperature_sensor,54
1782329735,temperature_sensor,home/temperature_sensor,54
1782329736,temperature_sensor,home/temperature_sensor,54
1782329737,temperature_sensor,home/temperature_sensor,54
1782329738,temperature_sensor,home/temperature_sensor,54
1782329739,temperature_sensor,home/temperature_sensor,54
1782329740,temperature_sensor,home/temperature_sensor,54
1782329741,temperature_sensor,home/temperature_sensor,54
1782329741,sensor1,home/air_quality_sensor,67
1782329742,sensor1,home/air_quality_sensor,67
1782329742,sensor1,home/air_quality_sensor,67
1782329742,sensor1,home/air_quality_sensor,67
1782329742,sensor1,home/air_quality_sensor,67
1782329742,sensor1,home/air_quality_sensor,67
1782329742,sensor1,home/air_quality_sensor,67
1782329742,sensor1,home/air_quality_sensor,67
1782329742,sensor1,home/air_quality_sensor,67
1782329742,sensor1,home/air_quality_sensor,67
1782329742,sensor1,home/air_quality_sensor,67
1782329742,sensor1,home/air_quality_sensor,67
1782329742,sensor1,home/air_quality_sensor,67
1782329743,sensor1,home/air_quality_sensor,67
1782329743,sensor1,home/air_quality_sensor,67
1782329743,sensor1,home/air_quality_sensor,67
1782329743,sensor1,home/air_quality_sensor,67
1782329743,sensor1,home/air_quality_sensor,67
1782329743,sensor1,home/air_quality_sensor,67
1782329743,sensor1,home/air_quality_sensor,67
1782329743,temperature_sensor,home/temperature_sensor,54
1782329743,sensor1,home/air_quality_sensor,67
1782329743,sensor1,home/air_quality_sensor,67
1782329744,sensor1,home/air_quality_sensor,67
1782329744,sensor1,home/air_quality_sensor,67
1782329744,sensor1,home/air_quality_sensor,67
1782329744,sensor1,home/air_quality_sensor,67
1782329744,sensor1,home/air_quality_sensor,67
1782329744,sensor1,home/air_quality_sensor,67
1782329744,sensor1,home/air_quality_sensor,67
1782329744,sensor1,home/air_quality_sensor,67
1782329744,sensor1,home/air_quality_sensor,67
1782329744,sensor1,home/air_quality_sensor,67
1782329745,sensor1,home/air_quality_sensor,67
1782329745,sensor1,home/air_quality_sensor,67
1782329745,sensor1,home/air_quality_sensor,67
1782329745,sensor1,home/air_quality_sensor,67
1782329745,sensor1,home/air_quality_sensor,67
1782329745,sensor1,home/air_quality_sensor,67
1782329745,sensor1,home/air_quality_sensor,67
1782329745,sensor1,home/air_quality_sensor,67
1782329745,temperature_sensor,home/temperature_sensor,54
1782329745,sensor1,home/air_quality_sensor,67
1782329746,sensor1,home/air_quality_sensor,67
1782329746,sensor1,home/air_quality_sensor,67
1782329746,sensor1,home/air_quality_sensor,67
1782329746,sensor1,home/air_quality_sensor,67
1782329746,sensor1,home/air_quality_sensor,67
1782329746,sensor1,home/air_quality_sensor,67
1782329746,sensor1,home/air_quality_sensor,67
1782329746,sensor1,home/air_quality_sensor,67
1782329746,sensor1,home/air_quality_sensor,67
1782329747,sensor1,home/air_quality_sensor,67
1782329747,sensor1,home/air_quality_sensor,67
1782329747,sensor1,home/air_quality_sensor,67
1782329747,sensor1,home/air_quality_sensor,67
1782329747,sensor1,home/air_quality_sensor,67
1782329747,sensor1,home/air_quality_sensor,67
1782329747,sensor1,home/air_quality_sensor,67
1782329747,sensor1,home/air_quality_sensor,67
1782329747,sensor1,home/air_quality_sensor,67
1782329748,sensor1,home/air_quality_sensor,67
1782329748,temperature_sensor,home/temperature_sensor,54
1782329748,sensor1,home/air_quality_sensor,67
1782329748,sensor1,home/air_quality_sensor,67
1782329748,sensor1,home/air_quality_sensor,67
1782329748,sensor1,home/air_quality_sensor,67
1782329748,sensor1,home/air_quality_sensor,67
1782329748,sensor1,home/air_quality_sensor,67
1782329748,sensor1,home/air_quality_sensor,67
1782329749,sensor1,home/air_quality_sensor,67
1782329749,sensor1,home/air_quality_sensor,67
1782329749,sensor1,home/air_quality_sensor,67
1782329749,sensor1,home/air_quality_sensor,67
1782329749,sensor1,home/air_quality_sensor,67
1782329749,sensor1,home/air_quality_sensor,67
1782329749,sensor1,home/air_quality_sensor,67
1782329749,sensor1,home/air_quality_sensor,67
1782329750,sensor1,home/air_quality_sensor,67
1782329750,sensor1,home/air_quality_sensor,67
1782329750,sensor1,home/air_quality_sensor,67
1782329750,sensor1,home/air_quality_sensor,67
1782329750,sensor1,home/air_quality_sensor,67
1782329750,temperature_sensor,home/temperature_sensor,54
1782329750,sensor1,home/air_quality_sensor,67
1782329750,sensor1,home/air_quality_sensor,67
1782329751,sensor1,home/air_quality_sensor,67
1782329751,sensor1,home/air_quality_sensor,67
1782329751,sensor1,home/air_quality_sensor,67
1782329751,sensor1,home/air_quality_sensor,67
1782329751,sensor1,home/air_quality_sensor,67
1782329751,sensor1,home/air_quality_sensor,67
1782329751,sensor1,home/air_quality_sensor,67
1782329751,sensor1,home/air_quality_sensor,67
1782329752,sensor1,home/air_quality_sensor,67
1782329752,sensor1,home/air_quality_sensor,67
1782329752,sensor1,home/air_quality_sensor,67
1782329752,sensor1,home/air_quality_sensor,67
1782329752,sensor1,home/air_quality_sensor,67
1782329752,sensor1,home/air_quality_sensor,67
1782329752,sensor1,home/air_quality_sensor,67
1782329752,sensor1,home/air_quality_sensor,67
1782329753,sensor1,home/air_quality_sensor,67
1782329753,sensor1,home/air_quality_sensor,67
1782329753,temperature_sensor,home/temperature_sensor,54
1782329753,sensor1,home/air_quality_sensor,67
1782329753,sensor1,home/air_quality_sensor,67
1782329753,sensor1,home/air_quality_sensor,67
1782329753,sensor1,home/air_quality_sensor,67
1782329753,sensor1,home/air_quality_sensor,67
1782329754,sensor1,home/air_quality_sensor,67
1782329754,sensor1,home/air_quality_sensor,67
1782329754,sensor1,home/air_quality_sensor,67
1782329754,sensor1,home/air_quality_sensor,67
1782329754,sensor1,home/air_quality_sensor,67
1782329754,sensor1,home/air_quality_sensor,67
1782329754,sensor1,home/air_quality_sensor,67
1782329754,sensor1,home/air_quality_sensor,67
1782329755,sensor1,home/air_quality_sensor,67
1782329755,sensor1,home/air_quality_sensor,67
1782329755,sensor1,home/air_quality_sensor,67
1782329755,sensor1,home/air_quality_sensor,67
1782329755,sensor1,home/air_quality_sensor,67
1782329755,sensor1,home/air_quality_sensor,67
1782329755,sensor1,home/air_quality_sensor,67
1782329755,temperature_sensor,home/temperature_sensor,54
1782329755,sensor1,home/air_quality_sensor,67
1782329756,sensor1,home/air_quality_sensor,67
1782329756,sensor1,home/air_quality_sensor,67
1782329756,sensor1,home/air_quality_sensor,67
1782329756,sensor1,home/air_quality_sensor,67
1782329756,sensor1,home/air_quality_sensor,67
1782329756,sensor1,home/air_quality_sensor,67
1782329756,sensor1,home/air_quality_sensor,67
1782329756,sensor1,home/air_quality_sensor,67
1782329757,sensor1,home/air_quality_sensor,67
1782329757,sensor1,home/air_quality_sensor,67
1782329757,sensor1,home/air_quality_sensor,67
1782329757,sensor1,home/air_quality_sensor,67
1782329757,sensor1,home/air_quality_sensor,67
1782329757,sensor1,home/air_quality_sensor,67
1782329757,sensor1,home/air_quality_sensor,67
1782329757,sensor1,home/air_quality_sensor,67
1782329758,sensor1,home/air_quality_sensor,67
1782329758,sensor1,home/air_quality_sensor,67
1782329758,sensor1,home/air_quality_sensor,67
1782329758,temperature_sensor,home/temperature_sensor,54
1782329758,sensor1,home/air_quality_sensor,67
1782329758,sensor1,home/air_quality_sensor,67
1782329758,sensor1,home/air_quality_sensor,67
1782329758,sensor1,home/air_quality_sensor,67
1782329758,sensor1,home/air_quality_sensor,67
1782329759,sensor1,home/air_quality_sensor,67
1782329759,sensor1,home/air_quality_sensor,67
1782329759,sensor1,home/air_quality_sensor,67
1782329759,sensor1,home/air_quality_sensor,67
1782329759,sensor1,home/air_quality_sensor,67
1782329759,sensor1,home/air_quality_sensor,67
1782329759,sensor1,home/air_quality_sensor,67
1782329759,sensor1,home/air_quality_sensor,67
1782329759,sensor1,home/air_quality_sensor,67
1782329759,sensor1,home/air_quality_sensor,67
1782329760,sensor1,home/air_quality_sensor,67
1782329760,sensor1,home/air_quality_sensor,67
1782329760,sensor1,home/air_quality_sensor,67
1782329760,sensor1,home/air_quality_sensor,67
1782329760,sensor1,home/air_quality_sensor,67
1782329760,temperature_sensor,home/temperature_sensor,54
1782329760,sensor1,home/air_quality_sensor,67
1782329760,sensor1,home/air_quality_sensor,67
1782329760,sensor1,home/air_quality_sensor,67
1782329760,sensor1,home/air_quality_sensor,67
1782329761,sensor1,home/air_quality_sensor,67
1782329761,sensor1,home/air_quality_sensor,67
1782329761,sensor1,home/air_quality_sensor,67
1782329761,sensor1,home/air_quality_sensor,67
1782329761,sensor1,home/air_quality_sensor,67
1782329761,sensor1,home/air_quality_sensor,67
1782329761,sensor1,home/air_quality_sensor,67
1782329761,sensor1,home/air_quality_sensor,67
1782329762,sensor1,home/air_quality_sensor,67
1782329762,sensor1,home/air_quality_sensor,67
1782329762,sensor1,home/air_quality_sensor,67
1782329762,sensor1,home/air_quality_sensor,67
1782329762,sensor1,home/air_quality_sensor,67
1782329762,sensor1,home/air_quality_sensor,67
1782329762,sensor1,home/air_quality_sensor,67
1782329762,sensor1,home/air_quality_sensor,67
1782329763,temperature_sensor,home/temperature_sensor,54
1782329763,sensor1,home/air_quality_sensor,67
1782329763,sensor1,home/air_quality_sensor,67
1782329763,sensor1,home/air_quality_sensor,67
1782329763,sensor1,home/air_quality_sensor,67
1782329763,sensor1,home/air_quality_sensor,67
1782329763,sensor1,home/air_quality_sensor,67
1782329763,sensor1,home/air_quality_sensor,67
1782329764,sensor1,home/air_quality_sensor,67
1782329764,sensor1,home/air_quality_sensor,67
1782329764,sensor1,home/air_quality_sensor,67
1782329764,sensor1,home/air_quality_sensor,67
1782329764,sensor1,home/air_quality_sensor,67
1782329764,sensor1,home/air_quality_sensor,67
1782329764,sensor1,home/air_quality_sensor,67
1782329764,sensor1,home/air_quality_sensor,67
1782329764,sensor1,home/air_quality_sensor,67
1782329765,sensor1,home/air_quality_sensor,67
1782329765,sensor1,home/air_quality_sensor,67
1782329765,sensor1,home/air_quality_sensor,67
1782329765,sensor1,home/air_quality_sensor,67
1782329765,temperature_sensor,home/temperature_sensor,54
1782329765,sensor1,home/air_quality_sensor,67
1782329765,sensor1,home/air_quality_sensor,67
1782329765,sensor1,home/air_quality_sensor,67
1782329765,sensor1,home/air_quality_sensor,67
1782329766,sensor1,home/air_quality_sensor,67
1782329766,sensor1,home/air_quality_sensor,67
1782329766,sensor1,home/air_quality_sensor,67
1782329766,sensor1,home/air_quality_sensor,67
1782329766,sensor1,home/air_quality_sensor,67
1782329766,sensor1,home/air_quality_sensor,67
1782329766,sensor1,home/air_quality_sensor,67
1782329766,sensor1,home/air_quality_sensor,67
1782329766,sensor1,home/air_quality_sensor,67
1782329766,sensor1,home/air_quality_sensor,67
1782329767,sensor1,home/air_quality_sensor,67
1782329767,sensor1,home/air_quality_sensor,67
1782329767,sensor1,home/air_quality_sensor,67
1782329767,sensor1,home/air_quality_sensor,67
1782329767,sensor1,home/air_quality_sensor,67
1782329767,sensor1,home/air_quality_sensor,67
1782329767,temperature_sensor,home/temperature_sensor,54
1782329767,sensor1,home/air_quality_sensor,67
1782329767,sensor1,home/air_quality_sensor,67
1782329768,sensor1,home/air_quality_sensor,67
1782329768,sensor1,home/air_quality_sensor,67
1782329768,sensor1,home/air_quality_sensor,67
1782329768,sensor1,home/air_quality_sensor,67
1782329768,sensor1,home/air_quality_sensor,67
1782329768,sensor1,home/air_quality_sensor,67
1782329768,sensor1,home/air_quality_sensor,67
1782329768,sensor1,home/air_quality_sensor,67
1782329768,sensor1,home/air_quality_sensor,67
1782329769,sensor1,home/air_quality_sensor,67
1782329769,sensor1,home/air_quality_sensor,67
1782329769,sensor1,home/air_quality_sensor,67
1782329769,sensor1,home/air_quality_sensor,67
1782329769,sensor1,home/air_quality_sensor,67
1782329769,sensor1,home/air_quality_sensor,67
1782329769,sensor1,home/air_quality_sensor,67
1782329769,sensor1,home/air_quality_sensor,67
1782329769,sensor1,home/air_quality_sensor,67
1782329770,temperature_sensor,home/temperature_sensor,54
1782329770,sensor1,home/air_quality_sensor,67
1782329770,sensor1,home/air_quality_sensor,67
1782329770,sensor1,home/air_quality_sensor,67
1782329770,sensor1,home/air_quality_sensor,67
1782329770,sensor1,home/air_quality_sensor,67
1782329770,sensor1,home/air_quality_sensor,67
1782329770,sensor1,home/air_quality_sensor,67
1782329770,sensor1,home/air_quality_sensor,67
1782329771,sensor1,home/air_quality_sensor,67
1782329771,sensor1,home/air_quality_sensor,67
1782329771,sensor1,home/air_quality_sensor,67
1782329771,sensor1,home/air_quality_sensor,67
1782329771,sensor1,home/air_quality_sensor,67
1782329771,sensor1,home/air_quality_sensor,67
1782329771,sensor1,home/air_quality_sensor,67
1782329771,sensor1,home/air_quality_sensor,67
1782329772,sensor1,home/air_quality_sensor,67
1782329772,sensor1,home/air_quality_sensor,67
1782329772,sensor1,home/air_quality_sensor,67
1782329772,sensor1,home/air_quality_sensor,67
1782329772,temperature_sensor,home/temperature_sensor,54
1782329772,sensor1,home/air_quality_sensor,67
1782329772,sensor1,home/air_quality_sensor,67
1782329772,sensor1,home/air_quality_sensor,67
1782329772,sensor1,home/air_quality_sensor,67
1782329773,sensor1,home/air_quality_sensor,67
1782329773,sensor1,home/air_quality_sensor,67
1782329773,sensor1,home/air_quality_sensor,67
1782329773,sensor1,home/air_quality_sensor,67
1782329773,sensor1,home/air_quality_sensor,67
1782329773,sensor1,home/air_quality_sensor,67
1782329773,sensor1,home/air_quality_sensor,67
1782329773,sensor1,home/air_quality_sensor,67
1782329773,sensor1,home/air_quality_sensor,67
1782329774,sensor1,home/air_quality_sensor,67
1782329774,sensor1,home/air_quality_sensor,67
1782329774,sensor1,home/air_quality_sensor,67
1782329774,sensor1,home/air_quality_sensor,67
1782329774,sensor1,home/air_quality_sensor,67
1782329774,sensor1,home/air_quality_sensor,67
1782329774,sensor1,home/air_quality_sensor,67
1782329774,temperature_sensor,home/temperature_sensor,54
1782329775,sensor1,home/air_quality_sensor,67
1782329775,sensor1,home/air_quality_sensor,67
1782329775,sensor1,home/air_quality_sensor,67
1782329775,sensor1,home/air_quality_sensor,67
1782329775,sensor1,home/air_quality_sensor,67
1782329775,sensor1,home/air_quality_sensor,67
1782329775,sensor1,home/air_quality_sensor,67
1782329775,sensor1,home/air_quality_sensor,67
1782329775,sensor1,home/air_quality_sensor,67
1782329776,sensor1,home/air_quality_sensor,67
1782329776,sensor1,home/air_quality_sensor,67
1782329776,sensor1,home/air_quality_sensor,67
1782329776,sensor1,home/air_quality_sensor,67
1782329776,sensor1,home/air_quality_sensor,67
1782329777,sensor1,home/air_quality_sensor,67
1782329777,sensor1,home/air_quality_sensor,67
1782329777,sensor1,home/air_quality_sensor,67
1782329777,sensor1,home/air_quality_sensor,67
1782329777,sensor1,home/air_quality_sensor,67
1782329777,sensor1,home/air_quality_sensor,67
1782329778,temperature_sensor,home/temperature_sensor,54
1782329778,sensor1,home/air_quality_sensor,67
1782329778,sensor1,home/air_quality_sensor,67
1782329778,sensor1,home/air_quality_sensor,67
1782329778,sensor1,home/air_quality_sensor,67
1782329778,sensor1,home/air_quality_sensor,67
1782329778,sensor1,home/air_quality_sensor,67
1782329778,sensor1,home/air_quality_sensor,67
1782329778,sensor1,home/air_quality_sensor,67
1782329779,sensor1,home/air_quality_sensor,67
1782329779,sensor1,home/air_quality_sensor,67
1782329779,sensor1,home/air_quality_sensor,67
1782329779,sensor1,home/air_quality_sensor,67
1782329779,sensor1,home/air_quality_sensor,67
1782329779,sensor1,home/air_quality_sensor,67
1782329780,sensor1,home/air_quality_sensor,67
1782329780,sensor1,home/air_quality_sensor,67
1782329780,sensor1,home/air_quality_sensor,67
1782329780,sensor1,home/air_quality_sensor,67
1782329780,sensor1,home/air_quality_sensor,67
1782329780,sensor1,home/air_quality_sensor,67
1782329780,temperature_sensor,home/temperature_sensor,54
1782329781,sensor1,home/air_quality_sensor,67
1782329781,sensor1,home/air_quality_sensor,67
1782329781,sensor1,home/air_quality_sensor,67
1782329781,sensor1,home/air_quality_sensor,67
1782329781,sensor1,home/air_quality_sensor,67
1782329781,sensor1,home/air_quality_sensor,67
1782329781,sensor1,home/air_quality_sensor,67
1782329781,sensor1,home/air_quality_sensor,67
1782329782,sensor1,home/air_quality_sensor,67
1782329782,sensor1,home/air_quality_sensor,67
1782329782,sensor1,home/air_quality_sensor,67
1782329782,sensor1,home/air_quality_sensor,67
1782329782,sensor1,home/air_quality_sensor,67
1782329782,sensor1,home/air_quality_sensor,67
1782329783,sensor1,home/air_quality_sensor,67
1782329783,sensor1,home/air_quality_sensor,67
1782329783,sensor1,home/air_quality_sensor,67
1782329783,sensor1,home/air_quality_sensor,67
1782329783,sensor1,home/air_quality_sensor,67
1782329783,sensor1,home/air_quality_sensor,67
1782329784,temperature_sensor,home/temperature_sensor,54
1782329784,sensor1,home/air_quality_sensor,67
1782329784,sensor1,home/air_quality_sensor,67
1782329784,sensor1,home/air_quality_sensor,67
1782329784,sensor1,home/air_quality_sensor,67
1782329784,sensor1,home/air_quality_sensor,67
1782329784,sensor1,home/air_quality_sensor,67
1782329784,sensor1,home/air_quality_sensor,67
1782329785,sensor1,home/air_quality_sensor,67
1782329785,sensor1,home/air_quality_sensor,67
1782329785,sensor1,home/air_quality_sensor,67
1782329785,sensor1,home/air_quality_sensor,67
1782329785,sensor1,home/air_quality_sensor,67
1782329785,sensor1,home/air_quality_sensor,67
1782329785,sensor1,home/air_quality_sensor,67
1782329785,sensor1,home/air_quality_sensor,67
1782329786,sensor1,home/air_quality_sensor,67
1782329786,sensor1,home/air_quality_sensor,67
1782329786,sensor1,home/air_quality_sensor,67
1782329786,sensor1,home/air_quality_sensor,67
1782329786,sensor1,home/air_quality_sensor,67
1782329786,temperature_sensor,home/temperature_sensor,54
1782329786,sensor1,home/air_quality_sensor,67
1782329786,sensor1,home/air_quality_sensor,67
1782329786,sensor1,home/air_quality_sensor,67
1782329787,sensor1,home/air_quality_sensor,67
1782329787,sensor1,home/air_quality_sensor,67
1782329787,sensor1,home/air_quality_sensor,67
1782329787,sensor1,home/air_quality_sensor,67
1782329787,sensor1,home/air_quality_sensor,67
1782329787,sensor1,home/air_quality_sensor,67
1782329787,sensor1,home/air_quality_sensor,67
1782329787,sensor1,home/air_quality_sensor,67
1782329788,sensor1,home/air_quality_sensor,67
1782329788,sensor1,home/air_quality_sensor,67
1782329788,sensor1,home/air_quality_sensor,67
1782329788,sensor1,home/air_quality_sensor,67
1782329788,sensor1,home/air_quality_sensor,67
1782329788,sensor1,home/air_quality_sensor,67
1782329788,sensor1,home/air_quality_sensor,67
1782329788,sensor1,home/air_quality_sensor,67
1782329788,sensor1,home/air_quality_sensor,67
1782329789,temperature_sensor,home/temperature_sensor,54
1782329789,sensor1,home/air_quality_sensor,67
1782329789,sensor1,home/air_quality_sensor,67
1782329789,sensor1,home/air_quality_sensor,67
1782329789,sensor1,home/air_quality_sensor,67
1782329789,sensor1,home/air_quality_sensor,67
1782329789,sensor1,home/air_quality_sensor,67
1782329789,sensor1,home/air_quality_sensor,67
1782329789,sensor1,home/air_quality_sensor,67
1782329789,sensor1,home/air_quality_sensor,67
1782329790,sensor1,home/air_quality_sensor,67
1782329790,sensor1,home/air_quality_sensor,67
1782329790,sensor1,home/air_quality_sensor,67
1782329790,sensor1,home/air_quality_sensor,67
1782329790,sensor1,home/air_quality_sensor,67
1782329790,sensor1,home/air_quality_sensor,67
1782329791,sensor1,home/air_quality_sensor,67
1782329791,sensor1,home/air_quality_sensor,67
1782329791,sensor1,home/air_quality_sensor,67
1782329791,sensor1,home/air_quality_sensor,67
1782329791,sensor1,home/air_quality_sensor,67
1782329791,temperature_sensor,home/temperature_sensor,54
1782329791,sensor1,home/air_quality_sensor,67
1782329791,sensor1,home/air_quality_sensor,67
1782329791,sensor1,home/air_quality_sensor,67
1782329792,sensor1,home/air_quality_sensor,67
1782329792,sensor1,home/air_quality_sensor,67
1782329792,sensor1,home/air_quality_sensor,67
1782329792,sensor1,home/air_quality_sensor,67
1782329792,sensor1,home/air_quality_sensor,67
1782329792,sensor1,home/air_quality_sensor,67
1782329792,sensor1,home/air_quality_sensor,67
1782329792,sensor1,home/air_quality_sensor,67
1782329793,sensor1,home/air_quality_sensor,67
1782329793,sensor1,home/air_quality_sensor,67
1782329793,sensor1,home/air_quality_sensor,67
1782329793,sensor1,home/air_quality_sensor,67
1782329793,sensor1,home/air_quality_sensor,67
1782329793,sensor1,home/air_quality_sensor,67
1782329793,sensor1,home/air_quality_sensor,67
1782329793,sensor1,home/air_quality_sensor,67
1782329793,sensor1,home/air_quality_sensor,67
1782329794,temperature_sensor,home/temperature_sensor,54
1782329794,sensor1,home/air_quality_sensor,67
1782329794,sensor1,home/air_quality_sensor,67
1782329794,sensor1,home/air_quality_sensor,67
1782329794,sensor1,home/air_quality_sensor,67
1782329794,sensor1,home/air_quality_sensor,67
1782329794,sensor1,home/air_quality_sensor,67
1782329794,sensor1,home/air_quality_sensor,67
1782329794,sensor1,home/air_quality_sensor,67
1782329794,sensor1,home/air_quality_sensor,67
1782329795,sensor1,home/air_quality_sensor,67
1782329795,sensor1,home/air_quality_sensor,67
1782329795,sensor1,home/air_quality_sensor,67
1782329795,sensor1,home/air_quality_sensor,67
1782329795,sensor1,home/air_quality_sensor,67
1782329795,sensor1,home/air_quality_sensor,67
1782329795,sensor1,home/air_quality_sensor,67
1782329795,sensor1,home/air_quality_sensor,67
1782329795,sensor1,home/air_quality_sensor,67
1782329796,sensor1,home/air_quality_sensor,67
1782329796,sensor1,home/air_quality_sensor,67
1782329796,temperature_sensor,home/temperature_sensor,54
1782329796,sensor1,home/air_quality_sensor,67
1782329796,sensor1,home/air_quality_sensor,67
1782329796,sensor1,home/air_quality_sensor,67
1782329796,sensor1,home/air_quality_sensor,67
1782329796,sensor1,home/air_quality_sensor,67
1782329796,sensor1,home/air_quality_sensor,67
1782329796,sensor1,home/air_quality_sensor,67
1782329797,sensor1,home/air_quality_sensor,67
1782329797,sensor1,home/air_quality_sensor,67
1782329797,sensor1,home/air_quality_sensor,67
1782329797,sensor1,home/air_quality_sensor,67
1782329797,sensor1,home/air_quality_sensor,67
1782329797,sensor1,home/air_quality_sensor,67
1782329797,sensor1,home/air_quality_sensor,67
1782329797,sensor1,home/air_quality_sensor,67
1782329798,sensor1,home/air_quality_sensor,67
1782329798,sensor1,home/air_quality_sensor,67
1782329798,sensor1,home/air_quality_sensor,67
1782329798,sensor1,home/air_quality_sensor,67
1782329798,sensor1,home/air_quality_sensor,67
1782329799,temperature_sensor,home/temperature_sensor,54
1782329799,sensor1,home/air_quality_sensor,67
1782329799,sensor1,home/air_quality_sensor,67
1782329799,sensor1,home/air_quality_sensor,67
1782329799,sensor1,home/air_quality_sensor,67
1782329799,sensor1,home/air_quality_sensor,67
1782329799,sensor1,home/air_quality_sensor,67
1782329799,sensor1,home/air_quality_sensor,67
1782329799,sensor1,home/air_quality_sensor,67
1782329799,sensor1,home/air_quality_sensor,67
1782329800,sensor1,home/air_quality_sensor,67
1782329800,sensor1,home/air_quality_sensor,67
1782329800,sensor1,home/air_quality_sensor,67
1782329800,sensor1,home/air_quality_sensor,67
1782329800,sensor1,home/air_quality_sensor,67
1782329800,sensor1,home/air_quality_sensor,67
1782329800,sensor1,home/air_quality_sensor,67
1782329800,sensor1,home/air_quality_sensor,67
1782329800,sensor1,home/air_quality_sensor,67
1782329801,sensor1,home/air_quality_sensor,67
1782329801,sensor1,home/air_quality_sensor,67
1782329801,temperature_sensor,home/temperature_sensor,54
1782329801,sensor1,home/air_quality_sensor,67
1782329801,sensor1,home/air_quality_sensor,67
1782329801,sensor1,home/air_quality_sensor,67
1782329801,sensor1,home/air_quality_sensor,67
1782329801,sensor1,home/air_quality_sensor,67
1782329802,sensor1,home/air_quality_sensor,67
1782329802,sensor1,home/air_quality_sensor,67
1782329802,sensor1,home/air_quality_sensor,67
1782329802,sensor1,home/air_quality_sensor,67
1782329802,sensor1,home/air_quality_sensor,67
1782329802,sensor1,home/air_quality_sensor,67
1782329802,sensor1,home/air_quality_sensor,67
1782329803,sensor1,home/air_quality_sensor,67
1782329803,sensor1,home/air_quality_sensor,67
1782329803,sensor1,home/air_quality_sensor,67
1782329803,sensor1,home/air_quality_sensor,67
1782329803,sensor1,home/air_quality_sensor,67
1782329803,sensor1,home/air_quality_sensor,67
1782329804,sensor1,home/air_quality_sensor,67
1782329804,sensor1,home/air_quality_sensor,67
1782329804,temperature_sensor,home/temperature_sensor,54
1782329804,sensor1,home/air_quality_sensor,67
1782329804,sensor1,home/air_quality_sensor,67
1782329804,sensor1,home/air_quality_sensor,67
1782329804,sensor1,home/air_quality_sensor,67
1782329804,sensor1,home/air_quality_sensor,67
1782329804,sensor1,home/air_quality_sensor,67
1782329804,sensor1,home/air_quality_sensor,67
1782329805,sensor1,home/air_quality_sensor,67
1782329805,sensor1,home/air_quality_sensor,67
1782329805,sensor1,home/air_quality_sensor,67
1782329805,sensor1,home/air_quality_sensor,67
1782329805,sensor1,home/air_quality_sensor,67
1782329805,sensor1,home/air_quality_sensor,67
1782329805,sensor1,home/air_quality_sensor,67
1782329805,sensor1,home/air_quality_sensor,67
1782329805,sensor1,home/air_quality_sensor,67
1782329806,sensor1,home/air_quality_sensor,67
1782329806,sensor1,home/air_quality_sensor,67
1782329806,sensor1,home/air_quality_sensor,67
1782329806,sensor1,home/air_quality_sensor,67
1782329806,temperature_sensor,home/temperature_sensor,54
1782329806,sensor1,home/air_quality_sensor,67
1782329806,sensor1,home/air_quality_sensor,67
1782329806,sensor1,home/air_quality_sensor,67
1782329807,sensor1,home/air_quality_sensor,67
1782329807,sensor1,home/air_quality_sensor,67
1782329807,sensor1,home/air_quality_sensor,67
1782329807,sensor1,home/air_quality_sensor,67
1782329807,sensor1,home/air_quality_sensor,67
1782329807,sensor1,home/air_quality_sensor,67
1782329807,sensor1,home/air_quality_sensor,67
1782329807,sensor1,home/air_quality_sensor,67
1782329807,sensor1,home/air_quality_sensor,67
1782329807,sensor1,home/air_quality_sensor,67
1782329808,sensor1,home/air_quality_sensor,67
1782329808,sensor1,home/air_quality_sensor,67
1782329808,sensor1,home/air_quality_sensor,67
1782329808,sensor1,home/air_quality_sensor,67
1782329808,sensor1,home/air_quality_sensor,67
1782329808,sensor1,home/air_quality_sensor,67
1782329808,sensor1,home/air_quality_sensor,67
1782329808,temperature_sensor,home/temperature_sensor,54
1782329808,sensor1,home/air_quality_sensor,67
1782329809,sensor1,home/air_quality_sensor,67
1782329809,sensor1,home/air_quality_sensor,67
1782329809,sensor1,home/air_quality_sensor,67
1782329809,sensor1,home/air_quality_sensor,67
1782329809,sensor1,home/air_quality_sensor,67
1782329809,sensor1,home/air_quality_sensor,67
1782329809,sensor1,home/air_quality_sensor,67
1782329809,sensor1,home/air_quality_sensor,67
1782329810,sensor1,home/air_quality_sensor,67
1782329810,sensor1,home/air_quality_sensor,67
1782329810,sensor1,home/air_quality_sensor,67
1782329810,sensor1,home/air_quality_sensor,67
1782329810,sensor1,home/air_quality_sensor,67
1782329810,sensor1,home/air_quality_sensor,67
1782329810,sensor1,home/air_quality_sensor,67
1782329810,sensor1,home/air_quality_sensor,67
1782329810,sensor1,home/air_quality_sensor,67
1782329811,sensor1,home/air_quality_sensor,67
1782329811,sensor1,home/air_quality_sensor,67
1782329811,temperature_sensor,home/temperature_sensor,54
1782329811,sensor1,home/air_quality_sensor,67
1782329811,sensor1,home/air_quality_sensor,67
1782329811,sensor1,home/air_quality_sensor,67
1782329811,sensor1,home/air_quality_sensor,67
1782329811,sensor1,home/air_quality_sensor,67
1782329812,sensor1,home/air_quality_sensor,67
1782329812,sensor1,home/air_quality_sensor,67
1782329812,sensor1,home/air_quality_sensor,67
1782329812,sensor1,home/air_quality_sensor,67
1782329812,sensor1,home/air_quality_sensor,67
1782329812,sensor1,home/air_quality_sensor,67
1782329812,sensor1,home/air_quality_sensor,67
1782329812,sensor1,home/air_quality_sensor,67
1782329812,sensor1,home/air_quality_sensor,67
1782329813,sensor1,home/air_quality_sensor,67
1782329813,sensor1,home/air_quality_sensor,67
1782329813,sensor1,home/air_quality_sensor,67
1782329813,sensor1,home/air_quality_sensor,67
1782329813,sensor1,home/air_quality_sensor,67
1782329813,sensor1,home/air_quality_sensor,67
1782329813,temperature_sensor,home/temperature_sensor,54
1782329813,sensor1,home/air_quality_sensor,67
1782329813,sensor1,home/air_quality_sensor,67
1782329814,sensor1,home/air_quality_sensor,67
1782329814,sensor1,home/air_quality_sensor,67
1782329814,sensor1,home/air_quality_sensor,67
1782329814,sensor1,home/air_quality_sensor,67
1782329814,sensor1,home/air_quality_sensor,67
1782329814,sensor1,home/air_quality_sensor,67
1782329814,sensor1,home/air_quality_sensor,67
1782329814,sensor1,home/air_quality_sensor,67
1782329815,sensor1,home/air_quality_sensor,67
1782329815,sensor1,home/air_quality_sensor,67
1782329815,sensor1,home/air_quality_sensor,67
1782329815,sensor1,home/air_quality_sensor,67
1782329815,sensor1,home/air_quality_sensor,67
1782329815,sensor1,home/air_quality_sensor,67
1782329815,sensor1,home/air_quality_sensor,67
1782329815,sensor1,home/air_quality_sensor,67
1782329816,sensor1,home/air_quality_sensor,67
1782329816,sensor1,home/air_quality_sensor,67
1782329816,temperature_sensor,home/temperature_sensor,54
1782329816,sensor1,home/air_quality_sensor,67
1782329816,sensor1,home/air_quality_sensor,67
1782329816,sensor1,home/air_quality_sensor,67
1782329816,sensor1,home/air_quality_sensor,67
1782329816,sensor1,home/air_quality_sensor,67
1782329817,sensor1,home/air_quality_sensor,67
1782329817,sensor1,home/air_quality_sensor,67
1782329817,sensor1,home/air_quality_sensor,67
1782329817,sensor1,home/air_quality_sensor,67
1782329817,sensor1,home/air_quality_sensor,67
1782329817,sensor1,home/air_quality_sensor,67
1782329817,sensor1,home/air_quality_sensor,67
1782329817,sensor1,home/air_quality_sensor,67
1782329818,sensor1,home/air_quality_sensor,67
1782329818,sensor1,home/air_quality_sensor,67
1782329818,sensor1,home/air_quality_sensor,67
1782329818,sensor1,home/air_quality_sensor,67
1782329818,sensor1,home/air_quality_sensor,67
1782329818,sensor1,home/air_quality_sensor,67
1782329818,sensor1,home/air_quality_sensor,67
1782329818,temperature_sensor,home/temperature_sensor,54
1782329818,sensor1,home/air_quality_sensor,67
1782329819,sensor1,home/air_quality_sensor,67
1782329819,sensor1,home/air_quality_sensor,67
1782329819,sensor1,home/air_quality_sensor,67
1782329819,sensor1,home/air_quality_sensor,67
1782329819,sensor1,home/air_quality_sensor,67
1782329819,sensor1,home/air_quality_sensor,67
1782329819,sensor1,home/air_quality_sensor,67
1782329819,sensor1,home/air_quality_sensor,67
1782329820,sensor1,home/air_quality_sensor,67
1782329820,sensor1,home/air_quality_sensor,67
1782329820,sensor1,home/air_quality_sensor,67
1782329820,sensor1,home/air_quality_sensor,67
1782329820,sensor1,home/air_quality_sensor,67
1782329820,sensor1,home/air_quality_sensor,67
1782329820,sensor1,home/air_quality_sensor,67
1782329820,sensor1,home/air_quality_sensor,67
1782329820,sensor1,home/air_quality_sensor,67
1782329821,sensor1,home/air_quality_sensor,67
1782329821,sensor1,home/air_quality_sensor,67
1782329821,temperature_sensor,home/temperature_sensor,54
1782329821,sensor1,home/air_quality_sensor,67
1782329821,sensor1,home/air_quality_sensor,67
1782329821,sensor1,home/air_quality_sensor,67
1782329821,sensor1,home/air_quality_sensor,67
1782329821,sensor1,home/air_quality_sensor,67
1782329821,sensor1,home/air_quality_sensor,67
1782329821,sensor1,home/air_quality_sensor,67
1782329821,sensor1,home/air_quality_sensor,67
1782329822,sensor1,home/air_quality_sensor,67
1782329822,sensor1,home/air_quality_sensor,67
1782329822,sensor1,home/air_quality_sensor,67
1782329822,sensor1,home/air_quality_sensor,67
1782329822,sensor1,home/air_quality_sensor,67
1782329822,sensor1,home/air_quality_sensor,67
1782329822,sensor1,home/air_quality_sensor,67
1782329822,sensor1,home/air_quality_sensor,67
1782329822,sensor1,home/air_quality_sensor,67
1782329822,sensor1,home/air_quality_sensor,67
1782329823,sensor1,home/air_quality_sensor,67
1782329823,sensor1,home/air_quality_sensor,67
1782329823,temperature_sensor,home/temperature_sensor,54
1782329823,sensor1,home/air_quality_sensor,67
1782329823,sensor1,home/air_quality_sensor,67
1782329823,sensor1,home/air_quality_sensor,67
1782329823,sensor1,home/air_quality_sensor,67
1782329823,sensor1,home/air_quality_sensor,67
1782329823,sensor1,home/air_quality_sensor,67
1782329823,sensor1,home/air_quality_sensor,67
1782329824,sensor1,home/air_quality_sensor,67
1782329824,sensor1,home/air_quality_sensor,67
1782329824,sensor1,home/air_quality_sensor,67
1782329824,sensor1,home/air_quality_sensor,67
1782329824,sensor1,home/air_quality_sensor,67
1782329824,sensor1,home/air_quality_sensor,67
1782329824,sensor1,home/air_quality_sensor,67
1782329824,sensor1,home/air_quality_sensor,67
1782329824,sensor1,home/air_quality_sensor,67
1782329825,sensor1,home/air_quality_sensor,67
1782329825,sensor1,home/air_quality_sensor,67
1782329825,sensor1,home/air_quality_sensor,67
1782329825,sensor1,home/air_quality_sensor,67
1782329825,temperature_sensor,home/temperature_sensor,54
1782329825,sensor1,home/air_quality_sensor,67
1782329825,sensor1,home/air_quality_sensor,67
1782329825,sensor1,home/air_quality_sensor,67
1782329825,sensor1,home/air_quality_sensor,67
1782329825,sensor1,home/air_quality_sensor,67
1782329825,sensor1,home/air_quality_sensor,67
1782329826,sensor1,home/air_quality_sensor,67
1782329826,sensor1,home/air_quality_sensor,67
1782329826,sensor1,home/air_quality_sensor,67
1782329826,sensor1,home/air_quality_sensor,67
1782329826,sensor1,home/air_quality_sensor,67
1782329826,sensor1,home/air_quality_sensor,67
1782329826,sensor1,home/air_quality_sensor,67
1782329826,sensor1,home/air_quality_sensor,67
1782329827,sensor1,home/air_quality_sensor,67
1782329827,sensor1,home/air_quality_sensor,67
1782329827,sensor1,home/air_quality_sensor,67
1782329827,sensor1,home/air_quality_sensor,67
1782329827,sensor1,home/air_quality_sensor,67
1782329827,sensor1,home/air_quality_sensor,67
1782329827,temperature_sensor,home/temperature_sensor,54
1782329827,sensor1,home/air_quality_sensor,67
1782329828,sensor1,home/air_quality_sensor,67
1782329828,sensor1,home/air_quality_sensor,67
1782329828,sensor1,home/air_quality_sensor,67
1782329828,sensor1,home/air_quality_sensor,67
1782329828,sensor1,home/air_quality_sensor,67
1782329828,sensor1,home/air_quality_sensor,67
1782329828,sensor1,home/air_quality_sensor,67
1782329828,sensor1,home/air_quality_sensor,67
1782329829,sensor1,home/air_quality_sensor,67
1782329829,sensor1,home/air_quality_sensor,67
1782329829,sensor1,home/air_quality_sensor,67
1782329829,sensor1,home/air_quality_sensor,67
1782329829,sensor1,home/air_quality_sensor,67
1782329829,sensor1,home/air_quality_sensor,67
1782329829,sensor1,home/air_quality_sensor,67
1782329829,sensor1,home/air_quality_sensor,67
1782329829,sensor1,home/air_quality_sensor,67
1782329830,sensor1,home/air_quality_sensor,67
1782329830,sensor1,home/air_quality_sensor,67
1782329830,temperature_sensor,home/temperature_sensor,54
1782329830,sensor1,home/air_quality_sensor,67
1782329830,sensor1,home/air_quality_sensor,67
1782329830,sensor1,home/air_quality_sensor,67
1782329830,sensor1,home/air_quality_sensor,67
1782329830,sensor1,home/air_quality_sensor,67
1782329830,sensor1,home/air_quality_sensor,67
1782329830,sensor1,home/air_quality_sensor,67
1782329831,sensor1,home/air_quality_sensor,67
1782329831,sensor1,home/air_quality_sensor,67
1782329831,sensor1,home/air_quality_sensor,67
1782329831,sensor1,home/air_quality_sensor,67
1782329831,sensor1,home/air_quality_sensor,67
1782329831,sensor1,home/air_quality_sensor,67
1782329831,sensor1,home/air_quality_sensor,67
1782329831,sensor1,home/air_quality_sensor,67
1782329831,sensor1,home/air_quality_sensor,67
1782329832,sensor1,home/air_quality_sensor,67
1782329832,sensor1,home/air_quality_sensor,67
1782329832,sensor1,home/air_quality_sensor,67
1782329832,sensor1,home/air_quality_sensor,67
1782329832,temperature_sensor,home/temperature_sensor,54
1782329832,sensor1,home/air_quality_sensor,67
1782329832,sensor1,home/air_quality_sensor,67
1782329832,sensor1,home/air_quality_sensor,67
1782329832,sensor1,home/air_quality_sensor,67
1782329832,sensor1,home/air_quality_sensor,67
1782329833,sensor1,home/air_quality_sensor,67
1782329833,sensor1,home/air_quality_sensor,67
1782329833,sensor1,home/air_quality_sensor,67
1782329833,sensor1,home/air_quality_sensor,67
1782329833,sensor1,home/air_quality_sensor,67
1782329833,sensor1,home/air_quality_sensor,67
1782329833,sensor1,home/air_quality_sensor,67
1782329833,sensor1,home/air_quality_sensor,67
1782329833,sensor1,home/air_quality_sensor,67
1782329834,sensor1,home/air_quality_sensor,67
1782329834,sensor1,home/air_quality_sensor,67
1782329834,sensor1,home/air_quality_sensor,67
1782329834,sensor1,home/air_quality_sensor,67
1782329834,sensor1,home/air_quality_sensor,67
1782329834,sensor1,home/air_quality_sensor,67
1782329834,temperature_sensor,home/temperature_sensor,54
1782329834,sensor1,home/air_quality_sensor,67
1782329834,sensor1,home/air_quality_sensor,67
1782329834,sensor1,home/air_quality_sensor,67
1782329835,sensor1,home/air_quality_sensor,67
1782329835,sensor1,home/air_quality_sensor,67
1782329835,sensor1,home/air_quality_sensor,67
1782329835,sensor1,home/air_quality_sensor,67
1782329835,sensor1,home/air_quality_sensor,67
1782329835,sensor1,home/air_quality_sensor,67
1782329835,sensor1,home/air_quality_sensor,67
1782329835,sensor1,home/air_quality_sensor,67
1782329836,sensor1,home/air_quality_sensor,67
1782329836,sensor1,home/air_quality_sensor,67
1782329836,sensor1,home/air_quality_sensor,67
1782329836,sensor1,home/air_quality_sensor,67
1782329836,sensor1,home/air_quality_sensor,67
1782329836,sensor1,home/air_quality_sensor,67
1782329836,sensor1,home/air_quality_sensor,67
1782329836,sensor1,home/air_quality_sensor,67
1782329836,sensor1,home/air_quality_sensor,67
1782329836,temperature_sensor,home/temperature_sensor,54
1782329837,sensor1,home/air_quality_sensor,67
1782329837,sensor1,home/air_quality_sensor,67
1782329837,sensor1,home/air_quality_sensor,67
1782329837,sensor1,home/air_quality_sensor,67
1782329837,sensor1,home/air_quality_sensor,67
1782329837,sensor1,home/air_quality_sensor,67
1782329837,sensor1,home/air_quality_sensor,67
1782329837,sensor1,home/air_quality_sensor,67
1782329837,sensor1,home/air_quality_sensor,67
1782329837,sensor1,home/air_quality_sensor,67
1782329838,sensor1,home/air_quality_sensor,67
1782329838,sensor1,home/air_quality_sensor,67
1782329838,sensor1,home/air_quality_sensor,67
1782329838,sensor1,home/air_quality_sensor,67
1782329838,sensor1,home/air_quality_sensor,67
1782329838,sensor1,home/air_quality_sensor,67
1782329838,sensor1,home/air_quality_sensor,67
1782329838,sensor1,home/air_quality_sensor,67
1782329838,sensor1,home/air_quality_sensor,67
1782329839,sensor1,home/air_quality_sensor,67
1782329839,temperature_sensor,home/temperature_sensor,54
1782329839,sensor1,home/air_quality_sensor,67
1782329839,sensor1,home/air_quality_sensor,67
1782329839,sensor1,home/air_quality_sensor,67
1782329839,sensor1,home/air_quality_sensor,67
1782329839,sensor1,home/air_quality_sensor,67
1782329839,sensor1,home/air_quality_sensor,67
1782329839,sensor1,home/air_quality_sensor,67
1782329839,sensor1,home/air_quality_sensor,67
1782329840,sensor1,home/air_quality_sensor,67
1782329840,sensor1,home/air_quality_sensor,67
1782329840,sensor1,home/air_quality_sensor,67
1782329840,sensor1,home/air_quality_sensor,67
1782329840,sensor1,home/air_quality_sensor,67
1782329840,sensor1,home/air_quality_sensor,67
1782329840,sensor1,home/air_quality_sensor,67
1782329840,sensor1,home/air_quality_sensor,67
1782329840,sensor1,home/air_quality_sensor,67
1782329840,sensor1,home/air_quality_sensor,67
1782329841,sensor1,home/air_quality_sensor,67
1782329841,sensor1,home/air_quality_sensor,67
1782329841,temperature_sensor,home/temperature_sensor,54
1782329841,sensor1,home/air_quality_sensor,67
1782329841,sensor1,home/air_quality_sensor,67
1782329841,sensor1,home/air_quality_sensor,67
1782329841,sensor1,home/air_quality_sensor,67
1782329841,sensor1,home/air_quality_sensor,67
1782329841,sensor1,home/air_quality_sensor,67
1782329841,sensor1,home/air_quality_sensor,67
1782329842,sensor1,home/air_quality_sensor,67
1782329842,sensor1,home/air_quality_sensor,67
1782329842,sensor1,home/air_quality_sensor,67
1782329842,sensor1,home/air_quality_sensor,67
1782329842,sensor1,home/air_quality_sensor,67
1782329842,sensor1,home/air_quality_sensor,67
1782329842,sensor1,home/air_quality_sensor,67
1782329842,sensor1,home/air_quality_sensor,67
1782329842,sensor1,home/air_quality_sensor,67
1782329842,sensor1,home/air_quality_sensor,67
1782329843,sensor1,home/air_quality_sensor,67
1782329843,sensor1,home/air_quality_sensor,67
1782329843,sensor1,home/air_quality_sensor,67
1782329843,temperature_sensor,home/temperature_sensor,54
1782329843,sensor1,home/air_quality_sensor,67
1782329843,sensor1,home/air_quality_sensor,67
1782329843,sensor1,home/air_quality_sensor,67
1782329843,sensor1,home/air_quality_sensor,67
1782329843,sensor1,home/air_quality_sensor,67
1782329843,sensor1,home/air_quality_sensor,67
1782329844,sensor1,home/air_quality_sensor,67
1782329844,sensor1,home/air_quality_sensor,67
1782329844,sensor1,home/air_quality_sensor,67
1782329844,sensor1,home/air_quality_sensor,67
1782329844,sensor1,home/air_quality_sensor,67
1782329844,sensor1,home/air_quality_sensor,67
1782329844,sensor1,home/air_quality_sensor,67
1782329844,sensor1,home/air_quality_sensor,67
1782329845,sensor1,home/air_quality_sensor,67
1782329845,sensor1,home/air_quality_sensor,67
1782329845,sensor1,home/air_quality_sensor,67
1782329845,sensor1,home/air_quality_sensor,67
1782329845,sensor1,home/air_quality_sensor,67
1782329845,sensor1,home/air_quality_sensor,67
1782329845,temperature_sensor,home/temperature_sensor,54
1782329845,sensor1,home/air_quality_sensor,67
1782329845,sensor1,home/air_quality_sensor,67
1782329845,sensor1,home/air_quality_sensor,67
1782329845,sensor1,home/air_quality_sensor,67
1782329846,sensor1,home/air_quality_sensor,67
1782329846,sensor1,home/air_quality_sensor,67
1782329846,sensor1,home/air_quality_sensor,67
1782329846,sensor1,home/air_quality_sensor,67
1782329846,sensor1,home/air_quality_sensor,67
1782329846,sensor1,home/air_quality_sensor,67
1782329846,sensor1,home/air_quality_sensor,67
1782329846,sensor1,home/air_quality_sensor,67
1782329846,sensor1,home/air_quality_sensor,67
1782329846,sensor1,home/air_quality_sensor,67
1782329847,sensor1,home/air_quality_sensor,67
1782329847,sensor1,home/air_quality_sensor,67
1782329847,sensor1,home/air_quality_sensor,67
1782329847,sensor1,home/air_quality_sensor,67
1782329847,sensor1,home/air_quality_sensor,67
1782329847,sensor1,home/air_quality_sensor,67
1782329847,temperature_sensor,home/temperature_sensor,54
1782329847,sensor1,home/air_quality_sensor,67
1782329847,sensor1,home/air_quality_sensor,67
1782329848,sensor1,home/air_quality_sensor,67
1782329848,sensor1,home/air_quality_sensor,67
1782329848,sensor1,home/air_quality_sensor,67
1782329848,sensor1,home/air_quality_sensor,67
1782329848,sensor1,home/air_quality_sensor,67
1782329848,sensor1,home/air_quality_sensor,67
1782329848,sensor1,home/air_quality_sensor,67
1782329848,sensor1,home/air_quality_sensor,67
1782329848,sensor1,home/air_quality_sensor,67
1782329849,sensor1,home/air_quality_sensor,67
1782329849,sensor1,home/air_quality_sensor,67
1782329849,sensor1,home/air_quality_sensor,67
1782329849,sensor1,home/air_quality_sensor,67
1782329849,sensor1,home/air_quality_sensor,67
1782329849,sensor1,home/air_quality_sensor,67
1782329849,sensor1,home/air_quality_sensor,67
1782329849,sensor1,home/air_quality_sensor,67
1782329849,sensor1,home/air_quality_sensor,67
1782329849,temperature_sensor,home/temperature_sensor,54
1782329850,sensor1,home/air_quality_sensor,67
1782329850,sensor1,home/air_quality_sensor,67
1782329850,sensor1,home/air_quality_sensor,67
1782329850,sensor1,home/air_quality_sensor,67
1782329850,sensor1,home/air_quality_sensor,67
1782329850,sensor1,home/air_quality_sensor,67
1782329850,sensor1,home/air_quality_sensor,67
1782329850,sensor1,home/air_quality_sensor,67
1782329850,sensor1,home/air_quality_sensor,67
1782329851,sensor1,home/air_quality_sensor,67
1782329851,sensor1,home/air_quality_sensor,67
1782329851,sensor1,home/air_quality_sensor,67
1782329851,sensor1,home/air_quality_sensor,67
1782329851,sensor1,home/air_quality_sensor,67
1782329851,sensor1,home/air_quality_sensor,67
1782329851,sensor1,home/air_quality_sensor,67
1782329851,sensor1,home/air_quality_sensor,67
1782329852,sensor1,home/air_quality_sensor,67
1782329852,sensor1,home/air_quality_sensor,67
1782329852,sensor1,home/air_quality_sensor,67
1782329852,temperature_sensor,home/temperature_sensor,54
1782329852,sensor1,home/air_quality_sensor,67
1782329852,sensor1,home/air_quality_sensor,67
1782329852,sensor1,home/air_quality_sensor,67
1782329852,sensor1,home/air_quality_sensor,67
1782329852,sensor1,home/air_quality_sensor,67
1782329852,sensor1,home/air_quality_sensor,67
1782329853,sensor1,home/air_quality_sensor,67
1782329853,sensor1,home/air_quality_sensor,67
1782329853,sensor1,home/air_quality_sensor,67
1782329853,sensor1,home/air_quality_sensor,67
1782329853,sensor1,home/air_quality_sensor,67
1782329853,sensor1,home/air_quality_sensor,67
1782329853,sensor1,home/air_quality_sensor,67
1782329853,sensor1,home/air_quality_sensor,67
1782329853,sensor1,home/air_quality_sensor,67
1782329853,sensor1,home/air_quality_sensor,67
1782329854,sensor1,home/air_quality_sensor,67
1782329854,sensor1,home/air_quality_sensor,67
1782329854,sensor1,home/air_quality_sensor,67
1782329854,sensor1,home/air_quality_sensor,67
1782329854,temperature_sensor,home/temperature_sensor,54
1782329854,sensor1,home/air_quality_sensor,67
1782329854,sensor1,home/air_quality_sensor,67
1782329854,sensor1,home/air_quality_sensor,67
1782329854,sensor1,home/air_quality_sensor,67
1782329854,sensor1,home/air_quality_sensor,67
1782329855,sensor1,home/air_quality_sensor,67
1782329855,sensor1,home/air_quality_sensor,67
1782329855,sensor1,home/air_quality_sensor,67
1782329855,sensor1,home/air_quality_sensor,67
1782329855,sensor1,home/air_quality_sensor,67
1782329855,sensor1,home/air_quality_sensor,67
1782329855,sensor1,home/air_quality_sensor,67
1782329855,sensor1,home/air_quality_sensor,67
1782329855,sensor1,home/air_quality_sensor,67
1782329855,sensor1,home/air_quality_sensor,67
1782329856,sensor1,home/air_quality_sensor,67
1782329856,sensor1,home/air_quality_sensor,67
1782329856,sensor1,home/air_quality_sensor,67
1782329856,sensor1,home/air_quality_sensor,67
1782329856,sensor1,home/air_quality_sensor,67
1782329856,temperature_sensor,home/temperature_sensor,54
1782329856,sensor1,home/air_quality_sensor,67
1782329856,sensor1,home/air_quality_sensor,67
1782329857,sensor1,home/air_quality_sensor,67
1782329857,sensor1,home/air_quality_sensor,67
1782329857,sensor1,home/air_quality_sensor,67
1782329857,sensor1,home/air_quality_sensor,67
1782329857,sensor1,home/air_quality_sensor,67
1782329857,sensor1,home/air_quality_sensor,67
1782329857,sensor1,home/air_quality_sensor,67
1782329858,sensor1,home/air_quality_sensor,67
1782329858,sensor1,home/air_quality_sensor,67
1782329858,sensor1,home/air_quality_sensor,67
1782329858,sensor1,home/air_quality_sensor,67
1782329858,sensor1,home/air_quality_sensor,67
1782329858,sensor1,home/air_quality_sensor,67
1782329858,sensor1,home/air_quality_sensor,67
1782329858,sensor1,home/air_quality_sensor,67
1782329859,sensor1,home/air_quality_sensor,67
1782329859,sensor1,home/air_quality_sensor,67
1782329859,sensor1,home/air_quality_sensor,67
1782329859,temperature_sensor,home/temperature_sensor,54
1782329859,sensor1,home/air_quality_sensor,67
1782329859,sensor1,home/air_quality_sensor,67
1782329859,sensor1,home/air_quality_sensor,67
1782329859,sensor1,home/air_quality_sensor,67
1782329860,sensor1,home/air_quality_sensor,67
1782329860,sensor1,home/air_quality_sensor,67
1782329860,sensor1,home/air_quality_sensor,67
1782329860,sensor1,home/air_quality_sensor,67
1782329860,sensor1,home/air_quality_sensor,67
1782329860,sensor1,home/air_quality_sensor,67
1782329860,sensor1,home/air_quality_sensor,67
1782329861,sensor1,home/air_quality_sensor,67
1782329861,sensor1,home/air_quality_sensor,67
1782329861,sensor1,home/air_quality_sensor,67
1782329861,sensor1,home/air_quality_sensor,67
1782329861,sensor1,home/air_quality_sensor,67
1782329861,sensor1,home/air_quality_sensor,67
1782329861,sensor1,home/air_quality_sensor,67
1782329861,sensor1,home/air_quality_sensor,67
1782329862,sensor1,home/air_quality_sensor,67
1782329862,temperature_sensor,home/temperature_sensor,54
1782329862,sensor1,home/air_quality_sensor,67
1782329862,sensor1,home/air_quality_sensor,67
1782329862,sensor1,home/air_quality_sensor,67
1782329862,sensor1,home/air_quality_sensor,67
1782329862,sensor1,home/air_quality_sensor,67
1782329862,sensor1,home/air_quality_sensor,67
1782329862,sensor1,home/air_quality_sensor,67
1782329863,sensor1,home/air_quality_sensor,67
1782329863,sensor1,home/air_quality_sensor,67
1782329863,sensor1,home/air_quality_sensor,67
1782329863,sensor1,home/air_quality_sensor,67
1782329863,sensor1,home/air_quality_sensor,67
1782329863,sensor1,home/air_quality_sensor,67
1782329863,sensor1,home/air_quality_sensor,67
1782329864,sensor1,home/air_quality_sensor,67
1782329864,sensor1,home/air_quality_sensor,67
1782329864,sensor1,home/air_quality_sensor,67
1782329864,sensor1,home/air_quality_sensor,67
1782329864,sensor1,home/air_quality_sensor,67
1782329864,sensor1,home/air_quality_sensor,67
1782329864,temperature_sensor,home/temperature_sensor,54
1782329864,sensor1,home/air_quality_sensor,67
1782329865,sensor1,home/air_quality_sensor,67
1782329865,sensor1,home/air_quality_sensor,67
1782329865,sensor1,home/air_quality_sensor,67
1782329865,sensor1,home/air_quality_sensor,67
1782329865,sensor1,home/air_quality_sensor,67
1782329865,sensor1,home/air_quality_sensor,67
1782329865,sensor1,home/air_quality_sensor,67
1782329865,sensor1,home/air_quality_sensor,67
1782329865,sensor1,home/air_quality_sensor,67
1782329866,sensor1,home/air_quality_sensor,67
1782329866,sensor1,home/air_quality_sensor,67
1782329866,sensor1,home/air_quality_sensor,67
1782329866,sensor1,home/air_quality_sensor,67
1782329866,sensor1,home/air_quality_sensor,67
1782329866,sensor1,home/air_quality_sensor,67
1782329866,sensor1,home/air_quality_sensor,67
1782329866,sensor1,home/air_quality_sensor,67
1782329867,sensor1,home/air_quality_sensor,67
1782329867,sensor1,home/air_quality_sensor,67
1782329867,temperature_sensor,home/temperature_sensor,54
1782329867,sensor1,home/air_quality_sensor,67
1782329867,sensor1,home/air_quality_sensor,67
1782329867,sensor1,home/air_quality_sensor,67
1782329867,sensor1,home/air_quality_sensor,67
1782329867,sensor1,home/air_quality_sensor,67
1782329867,sensor1,home/air_quality_sensor,67
1782329868,sensor1,home/air_quality_sensor,67
1782329868,sensor1,home/air_quality_sensor,67
1782329868,sensor1,home/air_quality_sensor,67
1782329868,sensor1,home/air_quality_sensor,67
1782329868,sensor1,home/air_quality_sensor,67
1782329868,sensor1,home/air_quality_sensor,67
1782329868,sensor1,home/air_quality_sensor,67
1782329868,sensor1,home/air_quality_sensor,67
1782329869,sensor1,home/air_quality_sensor,67
1782329869,sensor1,home/air_quality_sensor,67
1782329869,sensor1,home/air_quality_sensor,67
1782329869,sensor1,home/air_quality_sensor,67
1782329869,sensor1,home/air_quality_sensor,67
1782329869,sensor1,home/air_quality_sensor,67
1782329869,temperature_sensor,home/temperature_sensor,54
1782329869,sensor1,home/air_quality_sensor,67
1782329869,sensor1,home/air_quality_sensor,67
1782329870,sensor1,home/air_quality_sensor,67
1782329870,sensor1,home/air_quality_sensor,67
1782329870,sensor1,home/air_quality_sensor,67
1782329870,sensor1,home/air_quality_sensor,67
1782329870,sensor1,home/air_quality_sensor,67
1782329870,sensor1,home/air_quality_sensor,67
1782329870,sensor1,home/air_quality_sensor,67
1782329871,sensor1,home/air_quality_sensor,67
1782329871,sensor1,home/air_quality_sensor,67
1782329871,sensor1,home/air_quality_sensor,67
1782329871,sensor1,home/air_quality_sensor,67
1782329871,sensor1,home/air_quality_sensor,67
1782329871,sensor1,home/air_quality_sensor,67
1782329871,sensor1,home/air_quality_sensor,67
1782329871,sensor1,home/air_quality_sensor,67
1782329871,sensor1,home/air_quality_sensor,67
1782329872,sensor1,home/air_quality_sensor,67
1782329872,sensor1,home/air_quality_sensor,67
1782329872,temperature_sensor,home/temperature_sensor,54
1782329872,sensor1,home/air_quality_sensor,67
1782329872,sensor1,home/air_quality_sensor,67
1782329872,sensor1,home/air_quality_sensor,67
1782329872,sensor1,home/air_quality_sensor,67
1782329872,sensor1,home/air_quality_sensor,67
1782329873,sensor1,home/air_quality_sensor,67
1782329873,sensor1,home/air_quality_sensor,67
1782329873,sensor1,home/air_quality_sensor,67
1782329873,sensor1,home/air_quality_sensor,67
1782329873,sensor1,home/air_quality_sensor,67
1782329873,sensor1,home/air_quality_sensor,67
1782329873,sensor1,home/air_quality_sensor,67
1782329873,sensor1,home/air_quality_sensor,67
1782329874,sensor1,home/air_quality_sensor,67
1782329874,sensor1,home/air_quality_sensor,67
1782329874,sensor1,home/air_quality_sensor,67
1782329874,sensor1,home/air_quality_sensor,67
1782329874,sensor1,home/air_quality_sensor,67
1782329874,sensor1,home/air_quality_sensor,67
1782329874,sensor1,home/air_quality_sensor,67
1782329874,temperature_sensor,home/temperature_sensor,54
1782329874,sensor1,home/air_quality_sensor,67
1782329875,sensor1,home/air_quality_sensor,67
1782329875,sensor1,home/air_quality_sensor,67
1782329875,sensor1,home/air_quality_sensor,67
1782329875,sensor1,home/air_quality_sensor,67
1782329875,sensor1,home/air_quality_sensor,67
1782329875,sensor1,home/air_quality_sensor,67
1782329875,sensor1,home/air_quality_sensor,67
1782329875,sensor1,home/air_quality_sensor,67
1782329876,sensor1,home/air_quality_sensor,67
1782329876,sensor1,home/air_quality_sensor,67
1782329876,sensor1,home/air_quality_sensor,67
1782329876,sensor1,home/air_quality_sensor,67
1782329876,sensor1,home/air_quality_sensor,67
1782329876,sensor1,home/air_quality_sensor,67
1782329876,sensor1,home/air_quality_sensor,67
1782329877,sensor1,home/air_quality_sensor,67
1782329877,sensor1,home/air_quality_sensor,67
1782329877,sensor1,home/air_quality_sensor,67
1782329877,sensor1,home/air_quality_sensor,67
1782329877,temperature_sensor,home/temperature_sensor,54
1782329877,sensor1,home/air_quality_sensor,67
1782329877,sensor1,home/air_quality_sensor,67
1782329877,sensor1,home/air_quality_sensor,67
1782329877,sensor1,home/air_quality_sensor,67
1782329878,sensor1,home/air_quality_sensor,67
1782329878,sensor1,home/air_quality_sensor,67
1782329878,sensor1,home/air_quality_sensor,67
1782329878,sensor1,home/air_quality_sensor,67
1782329878,sensor1,home/air_quality_sensor,67
1782329878,sensor1,home/air_quality_sensor,67
1782329878,sensor1,home/air_quality_sensor,67
1782329878,sensor1,home/air_quality_sensor,67
1782329879,sensor1,home/air_quality_sensor,67
1782329879,sensor1,home/air_quality_sensor,67
1782329879,sensor1,home/air_quality_sensor,67
1782329879,sensor1,home/air_quality_sensor,67
1782329879,sensor1,home/air_quality_sensor,67
1782329879,sensor1,home/air_quality_sensor,67
1782329879,sensor1,home/air_quality_sensor,67
1782329880,sensor1,home/air_quality_sensor,67
1782329880,temperature_sensor,home/temperature_sensor,54
1782329880,temperature_sensor,home/temperature_sensor,54
1782329880,temperature_sensor,home/temperature_sensor,54
1782329880,temperature_sensor,home/temperature_sensor,54
1782329880,temperature_sensor,home/temperature_sensor,54
1782329880,temperature_sensor,home/temperature_sensor,54
1782329880,temperature_sensor,home/temperature_sensor,54
1782329880,temperature_sensor,home/temperature_sensor,54
1782329880,temperature_sensor,home/temperature_sensor,54
1782329880,temperature_sensor,home/temperature_sensor,54
1782329880,temperature_sensor,home/temperature_sensor,54
1782329880,temperature_sensor,home/temperature_sensor,54
1782329880,temperature_sensor,home/temperature_sensor,54
1782329880,temperature_sensor,home/temperature_sensor,54
1782329880,sensor1,home/air_quality_sensor,67
1782329880,sensor1,home/air_quality_sensor,67
1782329880,sensor1,home/air_quality_sensor,67
1782329881,sensor1,home/air_quality_sensor,67
1782329881,sensor1,home/air_quality_sensor,67
1782329881,sensor1,home/air_quality_sensor,67
1782329881,sensor1,home/air_quality_sensor,67
1782329881,sensor1,home/air_quality_sensor,67
1782329881,sensor1,home/air_quality_sensor,67
1782329881,sensor1,home/air_quality_sensor,67
1782329881,sensor1,home/air_quality_sensor,67
1782329881,sensor1,home/air_quality_sensor,67
1782329882,sensor1,home/air_quality_sensor,67
1782329882,sensor1,home/air_quality_sensor,67
1782329882,sensor1,home/air_quality_sensor,67
1782329882,sensor1,home/air_quality_sensor,67
1782329882,sensor1,home/air_quality_sensor,67
1782329882,sensor1,home/air_quality_sensor,67
1782329882,sensor1,home/air_quality_sensor,67
1782329883,sensor1,home/air_quality_sensor,67
1782329883,sensor1,home/air_quality_sensor,67
1782329883,sensor1,home/air_quality_sensor,67
1782329883,sensor1,home/air_quality_sensor,67
1782329883,sensor1,home/air_quality_sensor,67
1782329883,sensor1,home/air_quality_sensor,67
1782329883,sensor1,home/air_quality_sensor,67
1782329883,sensor1,home/air_quality_sensor,67
1782329883,sensor1,home/air_quality_sensor,67
1782329884,sensor1,home/air_quality_sensor,67
1782329884,sensor1,home/air_quality_sensor,67
1782329884,sensor1,home/air_quality_sensor,67
1782329884,sensor1,home/air_quality_sensor,67
1782329884,sensor1,home/air_quality_sensor,67
1782329884,sensor1,home/air_quality_sensor,67
1782329884,sensor1,home/air_quality_sensor,67
1782329884,sensor1,home/air_quality_sensor,67
1782329885,sensor1,home/air_quality_sensor,67
1782329885,sensor1,home/air_quality_sensor,67
1782329885,sensor1,home/air_quality_sensor,67
1782329885,sensor1,home/air_quality_sensor,67
1782329885,sensor1,home/air_quality_sensor,67
1782329885,sensor1,home/air_quality_sensor,67
1782329885,sensor1,home/air_quality_sensor,67
1782329885,sensor1,home/air_quality_sensor,67
1782329886,sensor1,home/air_quality_sensor,67
1782329886,sensor1,home/air_quality_sensor,67
1782329886,sensor1,home/air_quality_sensor,67
1782329886,sensor1,home/air_quality_sensor,67
1782329886,sensor1,home/air_quality_sensor,67
1782329886,sensor1,home/air_quality_sensor,67
1782329886,sensor1,home/air_quality_sensor,67
1782329886,sensor1,home/air_quality_sensor,67
1782329887,sensor1,home/air_quality_sensor,67
1782329887,sensor1,home/air_quality_sensor,67
1782329887,sensor1,home/air_quality_sensor,67
1782329887,sensor1,home/air_quality_sensor,67
1782329887,sensor1,home/air_quality_sensor,67
1782329887,sensor1,home/air_quality_sensor,67
1782329887,sensor1,home/air_quality_sensor,67
1782329887,sensor1,home/air_quality_sensor,67
1782329888,sensor1,home/air_quality_sensor,67
1782329888,sensor1,home/air_quality_sensor,67
1782329888,sensor1,home/air_quality_sensor,67
1782329888,sensor1,home/air_quality_sensor,67
1782329888,sensor1,home/air_quality_sensor,67
1782329888,sensor1,home/air_quality_sensor,67
1782329888,sensor1,home/air_quality_sensor,67
1782329888,sensor1,home/air_quality_sensor,67
1782329889,sensor1,home/air_quality_sensor,67
1782329889,sensor1,home/air_quality_sensor,67
1782329889,sensor1,home/air_quality_sensor,67
1782329889,sensor1,home/air_quality_sensor,67
1782329889,sensor1,home/air_quality_sensor,67
1782329889,sensor1,home/air_quality_sensor,67
1782329889,sensor1,home/air_quality_sensor,67
1782329889,sensor1,home/air_quality_sensor,67
1782329890,sensor1,home/air_quality_sensor,67
1782329890,sensor1,home/air_quality_sensor,67
1782329890,sensor1,home/air_quality_sensor,67
1782329890,sensor1,home/air_quality_sensor,67
1782329890,sensor1,home/air_quality_sensor,67
1782329890,sensor1,home/air_quality_sensor,67
1782329890,sensor1,home/air_quality_sensor,67
1782329890,sensor1,home/air_quality_sensor,67
1782329890,sensor1,home/air_quality_sensor,67
1782329891,sensor1,home/air_quality_sensor,67
1782329891,sensor1,home/air_quality_sensor,67
1782329891,sensor1,home/air_quality_sensor,67
1782329891,sensor1,home/air_quality_sensor,67
1782329891,sensor1,home/air_quality_sensor,67
1782329891,sensor1,home/air_quality_sensor,67
1782329891,sensor1,home/air_quality_sensor,67
1782329891,sensor1,home/air_quality_sensor,67
1782329892,sensor1,home/air_quality_sensor,67
1782329892,sensor1,home/air_quality_sensor,67
1782329892,sensor1,home/air_quality_sensor,67
1782329892,sensor1,home/air_quality_sensor,67
1782329892,sensor1,home/air_quality_sensor,67
1782329892,sensor1,home/air_quality_sensor,67
1782329892,sensor1,home/air_quality_sensor,67
1782330307,temperature_sensor,home/temperature_sensor,54
1782330308,temperature_sensor,home/temperature_sensor,54
1782330309,temperature_sensor,home/temperature_sensor,54
1782330310,temperature_sensor,home/temperature_sensor,54
1782330311,temperature_sensor,home/temperature_sensor,54
1782330312,temperature_sensor,home/temperature_sensor,54
1782330313,temperature_sensor,home/temperature_sensor,54
1782330314,temperature_sensor,home/temperature_sensor,54
1782330315,temperature_sensor,home/temperature_sensor,54
1782330316,temperature_sensor,home/temperature_sensor,54
1782330317,temperature_sensor,home/temperature_sensor,54
1782330318,temperature_sensor,home/temperature_sensor,54
1782330319,temperature_sensor,home/temperature_sensor,54
1782330320,temperature_sensor,home/temperature_sensor,54
1782330321,temperature_sensor,home/temperature_sensor,54
1782330322,temperature_sensor,home/temperature_sensor,54
1782330323,temperature_sensor,home/temperature_sensor,54
1782330324,temperature_sensor,home/temperature_sensor,54
1782330325,temperature_sensor,home/temperature_sensor,54
1782330326,temperature_sensor,home/temperature_sensor,54
1782330327,temperature_sensor,home/temperature_sensor,54
1782330328,temperature_sensor,home/temperature_sensor,54
1782330329,temperature_sensor,home/temperature_sensor,54
1782330330,temperature_sensor,home/temperature_sensor,54
1782330331,temperature_sensor,home/temperature_sensor,54
1782330332,temperature_sensor,home/temperature_sensor,54
1782330333,temperature_sensor,home/temperature_sensor,54
1782330334,temperature_sensor,home/temperature_sensor,54
1782330335,temperature_sensor,home/temperature_sensor,54
1782330336,temperature_sensor,home/temperature_sensor,54
1782330337,temperature_sensor,home/temperature_sensor,54
1782330338,temperature_sensor,home/temperature_sensor,54
1782330339,temperature_sensor,home/temperature_sensor,54
1782330340,temperature_sensor,home/temperature_sensor,54
1782330341,temperature_sensor,home/temperature_sensor,54
1782330342,temperature_sensor,home/temperature_sensor,54
1782330343,temperature_sensor,home/temperature_sensor,54
1782330344,temperature_sensor,home/temperature_sensor,54
1782330345,temperature_sensor,home/temperature_sensor,54
1782330346,temperature_sensor,home/temperature_sensor,54
1782330347,temperature_sensor,home/temperature_sensor,54
1782330348,temperature_sensor,home/temperature_sensor,54
1782330349,temperature_sensor,home/temperature_sensor,54
1782330350,temperature_sensor,home/temperature_sensor,54
1782330351,temperature_sensor,home/temperature_sensor,54
1782330352,temperature_sensor,home/temperature_sensor,54
1782330353,temperature_sensor,home/temperature_sensor,54
1782330354,temperature_sensor,home/temperature_sensor,54
1782330355,temperature_sensor,home/temperature_sensor,54
1782330356,temperature_sensor,home/temperature_sensor,54
1782330357,temperature_sensor,home/temperature_sensor,54
1782330358,temperature_sensor,home/temperature_sensor,54
1782330359,temperature_sensor,home/temperature_sensor,54
1782330360,temperature_sensor,home/temperature_sensor,54
1782330361,temperature_sensor,home/temperature_sensor,54
1782330362,temperature_sensor,home/temperature_sensor,54
1782330363,temperature_sensor,home/temperature_sensor,54
1782330364,temperature_sensor,home/temperature_sensor,54
1782330365,temperature_sensor,home/temperature_sensor,54
1782330366,temperature_sensor,home/temperature_sensor,54
1782330367,temperature_sensor,home/temperature_sensor,54
1782330368,temperature_sensor,home/temperature_sensor,54
1782330369,temperature_sensor,home/temperature_sensor,54
1782330370,temperature_sensor,home/temperature_sensor,54
1782330371,temperature_sensor,home/temperature_sensor,54
1782330372,temperature_sensor,home/temperature_sensor,54
1782330373,temperature_sensor,home/temperature_sensor,54
1782330374,temperature_sensor,home/temperature_sensor,54
1782330375,temperature_sensor,home/temperature_sensor,54
1782330376,temperature_sensor,home/temperature_sensor,54
1782330377,temperature_sensor,home/temperature_sensor,54
1782330378,temperature_sensor,home/temperature_sensor,54
1782330379,temperature_sensor,home/temperature_sensor,54
1782330380,temperature_sensor,home/temperature_sensor,54
1782330381,temperature_sensor,home/temperature_sensor,54
1782330382,temperature_sensor,home/temperature_sensor,54
1782330383,temperature_sensor,home/temperature_sensor,54
1782330384,temperature_sensor,home/temperature_sensor,54
1782330385,temperature_sensor,home/temperature_sensor,54
1782330386,temperature_sensor,home/temperature_sensor,54
1782330387,temperature_sensor,home/temperature_sensor,54
1782330388,temperature_sensor,home/temperature_sensor,54
1782330389,temperature_sensor,home/temperature_sensor,54
1782330390,temperature_sensor,home/temperature_sensor,54
1782330391,temperature_sensor,home/temperature_sensor,54
1782330392,temperature_sensor,home/temperature_sensor,54
1782330393,temperature_sensor,home/temperature_sensor,54
1782330394,temperature_sensor,home/temperature_sensor,54
1782330395,temperature_sensor,home/temperature_sensor,54
1782330396,temperature_sensor,home/temperature_sensor,54
1782330397,temperature_sensor,home/temperature_sensor,54
1782330398,temperature_sensor,home/temperature_sensor,54
1782330399,temperature_sensor,home/temperature_sensor,54
1782330400,temperature_sensor,home/temperature_sensor,54
1782330401,temperature_sensor,home/temperature_sensor,54
1782330402,temperature_sensor,home/temperature_sensor,54
1782330403,temperature_sensor,home/temperature_sensor,54
1782330404,temperature_sensor,home/temperature_sensor,54
1782330405,temperature_sensor,home/temperature_sensor,54
1782330407,temperature_sensor,home/temperature_sensor,54
1782330408,temperature_sensor,home/temperature_sensor,54
1782330408,temperature_sensor,home/temperature_sensor,54
1782330409,temperature_sensor,home/temperature_sensor,54
1782330410,temperature_sensor,home/temperature_sensor,54
1782330412,temperature_sensor,home/temperature_sensor,54
1782330413,temperature_sensor,home/temperature_sensor,54
1782330414,temperature_sensor,home/temperature_sensor,54
1782330415,temperature_sensor,home/temperature_sensor,54
1782330416,temperature_sensor,home/temperature_sensor,54
1782330417,temperature_sensor,home/temperature_sensor,54
1782330418,temperature_sensor,home/temperature_sensor,54
1782330419,temperature_sensor,home/temperature_sensor,54
1782330420,temperature_sensor,home/temperature_sensor,54
1782330421,temperature_sensor,home/temperature_sensor,54
1782330422,temperature_sensor,home/temperature_sensor,54
1782330423,temperature_sensor,home/temperature_sensor,54
1782330424,temperature_sensor,home/temperature_sensor,54
1782330425,temperature_sensor,home/temperature_sensor,54
1782330426,temperature_sensor,home/temperature_sensor,54
1782330427,temperature_sensor,home/temperature_sensor,54
1782330428,temperature_sensor,home/temperature_sensor,54
1782330429,temperature_sensor,home/temperature_sensor,54
1782330430,temperature_sensor,home/temperature_sensor,54
1782330431,temperature_sensor,home/temperature_sensor,54
1782330432,temperature_sensor,home/temperature_sensor,54
1782330693,temperature_sensor,home/temperature_sensor,54
1782330694,temperature_sensor,home/temperature_sensor,54
1782330695,temperature_sensor,home/temperature_sensor,54
1782330696,temperature_sensor,home/temperature_sensor,54
1782330697,temperature_sensor,home/temperature_sensor,54
1782330698,temperature_sensor,home/temperature_sensor,54
1782330699,temperature_sensor,home/temperature_sensor,54
1782330700,temperature_sensor,home/temperature_sensor,54
1782330701,temperature_sensor,home/temperature_sensor,54
1782330702,temperature_sensor,home/temperature_sensor,54
1782330703,temperature_sensor,home/temperature_sensor,54
1782330704,temperature_sensor,home/temperature_sensor,54
1782330705,temperature_sensor,home/temperature_sensor,54
1782330706,temperature_sensor,home/temperature_sensor,54
1782330707,temperature_sensor,home/temperature_sensor,54
1782330708,temperature_sensor,home/temperature_sensor,54
1782330709,temperature_sensor,home/temperature_sensor,54
1782330710,temperature_sensor,home/temperature_sensor,54
1782330711,temperature_sensor,home/temperature_sensor,54
1782330712,temperature_sensor,home/temperature_sensor,54
1782330713,temperature_sensor,home/temperature_sensor,54
1782330714,temperature_sensor,home/temperature_sensor,54
1782330715,temperature_sensor,home/temperature_sensor,54
1782330716,temperature_sensor,home/temperature_sensor,54
1782330717,temperature_sensor,home/temperature_sensor,54
1782330718,temperature_sensor,home/temperature_sensor,54
1782330753,sensor1,test/topic,67
1782330754,sensor1,test/topic,67
1782330755,sensor1,test/topic,67
1782330756,sensor1,test/topic,67
1782330757,sensor1,test/topic,67
1782330758,sensor1,test/topic,67
1782330759,sensor1,test/topic,67
1782330760,sensor1,test/topic,67
1782330761,sensor1,test/topic,67
1782330762,sensor1,test/topic,67
1782330763,sensor1,test/topic,67
1782330764,sensor1,test/topic,67
1782330765,sensor1,test/topic,67
1782330766,sensor1,test/topic,67
1782330767,sensor1,test/topic,67
1782330768,sensor1,test/topic,67
1782330769,sensor1,test/topic,67
1782330770,sensor1,test/topic,67
1782330771,sensor1,test/topic,67
1782330772,sensor1,test/topic,67
1782330773,sensor1,test/topic,67
1782330774,sensor1,test/topic,67
1782330775,sensor1,test/topic,67
1782330776,sensor1,test/topic,67
1782330777,sensor1,test/topic,67
1782330778,sensor1,test/topic,67
1782330779,sensor1,test/topic,67
1782330780,sensor1,test/topic,67
1782330781,sensor1,test/topic,67
1782330782,sensor1,test/topic,67
1782330783,sensor1,test/topic,67
